{
  "val_accuracy": 0.752392,
  "val_macro_f1": 0.675934,
  "class_names": [
    "A",
    "B",
    "C",
    "D",
    "E",
    "F"
  ],
  "classification_report": {
    "LOS_A": {
      "precision": 0.9600319744204636,
      "recall": 0.9238461538461539,
      "f1-score": 0.9415915327322618,
      "support": 1300.0
    },
    "LOS_B": {
      "precision": 0.6898395721925134,
      "recall": 0.5078740157480315,
      "f1-score": 0.5850340136054422,
      "support": 254.0
    },
    "LOS_C": {
      "precision": 0.5257142857142857,
      "recall": 0.75,
      "f1-score": 0.6181410974244121,
      "support": 368.0
    },
    "LOS_D": {
      "precision": 0.6238805970149254,
      "recall": 0.6075581395348837,
      "f1-score": 0.6156111929307806,
      "support": 344.0
    },
    "LOS_E": {
      "precision": 0.4627949183303085,
      "recall": 0.6891891891891891,
      "f1-score": 0.5537459283387622,
      "support": 370.0
    },
    "LOS_F": {
      "precision": 0.901010101010101,
      "recall": 0.6299435028248588,
      "f1-score": 0.741479634247714,
      "support": 708.0
    },
    "accuracy": 0.7523923444976076,
    "macro avg": {
      "precision": 0.6938785747804328,
      "recall": 0.6847351668571862,
      "f1-score": 0.6759338998798955,
      "support": 3344.0
    },
    "weighted avg": {
      "precision": 0.7896195789165247,
      "recall": 0.7523923444976076,
      "f1-score": 0.7600979009452208,
      "support": 3344.0
    }
  },
  "cv_accuracy_mean": 0.906548970144533,
  "cv_accuracy_std": 0.0046939866478687125,
  "cv_macro_f1_mean": 0.870863269653445,
  "cv_macro_f1_std": 0.00638785647800091,
  "cv_accuracy_per_fold": [
    0.9084996636017044,
    0.9110687450936413,
    0.9000785017382528
  ],
  "cv_macro_f1_per_fold": [
    0.8734324950071133,
    0.8770790820570218,
    0.8620782318961998
  ]
}