{
  "thresholds": {
    "A": 0.8,
    "B": 0.8500000000000001,
    "C": 0.2,
    "D": 0.15000000000000002,
    "E": 0.2,
    "F": 0.9000000000000001
  },
  "base_macro_f1": 0.6357377235349224,
  "optimized_macro_f1": 0.668233612985336
}